Value,Part Number,Manufacturer,Description,PCB Footprint
10uF,CL31A106MBHNNNE,Samsung Electro-Mechanics,10 µF ±20% 50V Ceramic Capacitor X5R 1206 (3216 Metric),C1206
22uF,CL31A226MOCLNNC,Samsung Electro-Mechanics,22 µF ±20% 16V Ceramic Capacitor X5R 1206 (3216 Metric),C1206
0.1uF,CL10B104KB8NNNL,Samsung Electro-Mechanics,CAP CER 0.1UF 50V X7R 0603,C0603
22uF,CL31A226MOCLNNC,Samsung Electro-Mechanics,22 µF ±20% 16V Ceramic Capacitor X5R 1206 (3216 Metric),C1206
0.1uF,CL10B104KB8NNNL,Samsung Electro-Mechanics,CAP CER 0.1UF 50V X7R 0603,C0603
LS R976-NR-1,LS R976-NR-1,OSRAM Opto Semiconductors Inc.,LED RED DIFFUSED 0805 SMD,LED_0805
LG R971-KN-1,LG R971-KN-1,OSRAM Opto Semiconductors Inc.,LED GREEN DIFFUSED 0805 SMD,LED_0805
SM712,SM712,NextGen Components,"TVS DIODE 12V/7V, 20V/12V SOT23",SOT23-R
SS34,SS34L RVG,Taiwan Semiconductor Corporation,DIODE SCHOTTKY 40V 3A SUB SMA,diode_sma
CON4,,,"Connector Header Through Hole 4 position 0.100"" (2.54mm)",
BURG/M/2x8/2.54,KLS1-208-2-16-S-A,KLSELE,2.54mm Pitch Female Header Connector Height 8.5mm 16 terminal,BERG_NIC_CARD_TH
15uH,744773115,Würth Elektronik,"15 µH Unshielded Drum Core, Wirewound Inductor 1.2 A 235mOhm Max Nonstandard",WE-PD2_4532
"PMBT2222A,215","PMBT2222A,215",Nexperia USA Inc.,Bipolar (BJT) Transistor NPN 30 V 600 mA 300MHz 250 mW Surface Mount TO-236AB,SOT23-R
330E,WR06X331 JTL,Walsin Technology Corporation,RES 330 OHM 5% 1/10W 0603,R0603
27K,RC0603JR-0727KL,YAGEO,"27 kOhms ±5% 0.1W, 1/10W Chip Resistor 0603 (1608 Metric) Moisture Resistant Thick Film",R0603
150K,RMCF0603FG150K,Stackpole Electronics Inc,"150 kOhms ±1% 0.1W, 1/10W Chip Resistor 0603 (1608 Metric) Automotive AEC-Q200 Thick Film",R0603
150E,WR06X151 JTL,Walsin Technology Corporation,RES 150 OHM 5% 1/10W 0603,R0603
10K,CRCW060310K0JNEBC,Vishay Dale,RES 10K OHM 5% 1/10W 0603,R0603
27K,RC0603JR-0727KL,YAGEO,"27 kOhms ±5% 0.1W, 1/10W Chip Resistor 0603 (1608 Metric) Moisture Resistant Thick Film",R0603
150K,RMCF0603FG150K,Stackpole Electronics Inc,"150 kOhms ±1% 0.1W, 1/10W Chip Resistor 0603 (1608 Metric) Automotive AEC-Q200 Thick Film",R0603
10K,CRCW060310K0JNEBC,Vishay Dale,RES 10K OHM 5% 1/10W 0603,R0603
10E,RMCF0805FT10R0,Stackpole Electronics Inc,"10 Ohms ±1% 0.125W, 1/8W Chip Resistor 0805 (2012 Metric) Automotive AEC-Q200 Thick Film",R0805
120E,AC1206FR-07120RL,YAGEO,RES SMD 120 OHM 1% 1/4W 1206,R1206
0E,CR0603-J/-000ELF,Bourns Inc.,RES SMD 0 OHM JUMPER 1/10W 0603,R0603
K7805-500R3-LB,K7805-500R3-LB,"Mornsun America, LLC","Linear Regulator Replacement DC DC Converter 1 Output 5V, -5V 500mA, 300mA 6.5V, 7V - 36V, 31V Input",MOD_K7805_500R3_LB_TH
TS1117B,TS1117B,Taiwan Semi,TS1117B Series 1A Low Dropout Positive Voltage Regulator,sot_223
TPL5010,TPL5010DDCR,Texas Instruments,IC OSC PROG TIMER TSOT23-6,sot23-6
SCM3406ASA,SCM3406ASA,"Mornsun America, LLC",SCM3406ASA Half-duplex Transceiver,SOIC_8
BATTERY,,,,BERG_1X2P_2MM_TH
0.1uF,CL10B104KB8NNNL,Samsung Electro-Mechanics,CAP CER 0.1UF 50V X7R 0603,C0603
1uF,C0603C105K4RAC7867,KEMET,CAP CER 1UF 16V X7R 0603,C0603
47nF,C0603C473K4RECAUTO,KEMET,CAP CER 0603 47NF 16V X7R 10%,C0603
0.1uF,CL10B104KB8NNNL,Samsung Electro-Mechanics,CAP CER 0.1UF 50V X7R 0603,C0603
12pF,VJ0603A120KXJPW1BC,Vishay Vitramon,CAP CER 12PF 16V C0G/NP0 0603,C0603
820pF,CC0603KRX7R9BB821,YAGEO,CAP CER 820PF 50V X7R 0603,C0603
0.8pF,GRM1885C1HR80BA01D,Murata Electronics,CAP CER 0.8PF 50V C0G/NP0 0603,C0603
0.5pF,CL10C0R5CB8NNNC,Samsung Electro-Mechanics,CAP CER 0.5PF 50V C0G/NP0 0603,C0603
4.7uF,CL10A475KP8NNNC,Samsung Electro-Mechanics,CAP CER 4.7UF 10V X5R 0603,C0603
100pF,CC0603KRX7R7BB101,YAGEO,CAP CER 100PF 16V X7R 0603,C0603
10uF,CL10A106MP8NNNC,Samsung Electro-Mechanics,CAP CER 10UF 10V X5R 0603,C0603
2.2uF,CL10A225KP8NNNC,Samsung Electro-Mechanics,CAP CER 2.2UF 10V X5R 0603,C0603
10pF,CC0603JRNPO9BN100,YAGEO,CAP CER 10PF 50V C0G/NPO 0603,C0603
1pF,C0603C109D4HAC7867,KEMET,CAP CER 1PF 16V X8R 0603,C0603
10uF,CL10A106MP8NNNC,Samsung Electro-Mechanics,CAP CER 10UF 10V X5R 0603,C0603
LED RED,150080RS75000,Würth Elektronik,LED RED CLEAR 0805 SMD,led_0805
SS34,SS34L RVG,Taiwan Semiconductor Corporation,DIODE SCHOTTKY 40V 3A SUB SMA,DIODE_SMA
LED GREEN,150080GS75000,Würth Elektronik,Green 520nm LED Indication - Discrete 3.2V 0805 (2012 Metric),led_0805
2450AT18A100E,2450AT18A100E,Johanson Technology Inc.,2.4GHz Chip RF Antenna 2.4GHz ~ 2.5GHz 0.5dBi Solder Surface Mount,ANT_2450AT18A100E
503480-1000,5034801000,Molex,"10 Position FFC, FPC Connector Contacts, Top and Bottom 0.020"" (0.50mm) Surface Mount, Right Angle",CON_5034801000_MOL
5034802000,5034802000,Molex,"Easy-On FFC/FPC Connector, 0.50mm Pitch, FBH1 Series, Right-Angle, Dual Contact, 1.00mm Height, 20 Circuits, Gold over Nickel Plating",MOLEX_5034802000
OK-23GF016-04,OK-23GF016-04,MST,"16 POS, 0.4 mm Pitch, 0.8mm mated height, 2.59mm Length, 5.72mm width conn.",OK-23GF016-04_CON
5035662502,5035662502,Molex,"Easy-On FPC Connector, 0.30mm Pitch, Right-Angle, Bottom Contact, 0.95mm Height, 25 Circuits, Gold over Nickel Plating",MOLEX_5035662502
USB4105-GF-A-060,USB4105-GF-A-060,GCT,CONN RCP USB2.0 TYP C 24P SMD RA,USB4105_GCT_TEMP
CON5,PPTC051LFBN-RC,Sullins Connector Solutions,"5 Position Header Connector 0.100"" (2.54mm) Through Hole Tin",berg_1x5p_254mm_thr
CON3,PPPC031LFBN-RC,Sullins Connector Solutions,"3 Position Header Connector 0.100"" (2.54mm) Through Hole Gold",BERG_1X3P_254MM_THR
2450FM07B0037,2450FM07B0037T,Johanson Technology Inc.,RF FILTR LO PASS 2.4-2.5GHZ 0402,FIL0402
10uH,LBR2012T100K,Taiyo Yuden,10 µH Unshielded Wirewound Inductor 150 mA 360mOhm 0805 (2012 Metric),L0603
15nH,CI100505-15NJ,Bourns Inc.,15 nH Unshielded Multilayer Inductor 200 mA 460mOhm Max 0402 (1005 Metric),L0402
6.8uH,EPL2014-682MLC,Coilcraft,Power Inductors - SMD 6.8uH Shld 20% 915mA 316mOhms AECQ2,EPL2014-682ML
NTE4151PT1G,NTE4151PT1G,onsemi,P-Channel 20 V 760mA (Tj) 313mW (Tj) Surface Mount SC-89-3,SC89-3_0P95X1P7_ONS-M
100K,RMCF0603JT100K,Stackpole Electronics Inc,RES 100K OHM 5% 1/10W 0603,R0603
1.5M,AC0603FR-071M5L,YAGEO,"1.5 MOhms ±1% 0.1W, 1/10W Chip Resistor 0603 (1608 Metric) Automotive AEC-Q200, Moisture Resistant Thick Film",R0603
20E,RNCP0603FTD20R0,Stackpole Electronics Inc,RES 20 OHM 1% 1/8W 0603,R0603
100K,RMCF0603JT100K,Stackpole Electronics Inc,RES 100K OHM 5% 1/10W 0603,R0603
2.1M,RC0603FR-072M1L,YAGEO,"2.1 MOhms ±1% 0.1W, 1/10W Chip Resistor 0603 (1608 Metric) Moisture Resistant Thick Film",R0603
1.2M,RC0603FR-071M2L,YAGEO,"1.2 MOhms ±1% 0.1W, 1/10W Chip Resistor 0603 (1608 Metric) Moisture Resistant Thick Film",R0603
7.5K,RMCF0603FT7K50,Stackpole Electronics Inc,RES 7.5K OHM 1% 1/10W 0603,R0603
0E,CR0603-J/-000ELF,Bourns Inc.,RES SMD 0 OHM JUMPER 1/10W 0603,R0603
1M,RMCF0603FG1M00,Stackpole Electronics Inc,RES 1M OHM 1% 1/10W 0603,R0603
200K,RMCF0603FT220R,Stackpole Electronics Inc,RES 220 OHM 1% 1/10W 0603,R0603
200K,RMCF0603FT200K,Stackpole Electronics Inc,RES 200K OHM 1% 1/10W 0603,R0603
0E,CR0603-J/-000ELF,Bourns Inc.,RES SMD 0 OHM JUMPER 1/10W 0603,R0603
10K,RNCP0603FTD10K0,Stackpole Electronics Inc,RES 10K OHM 1% 1/8W 0603,R0603
10K,RNCP0603FTD10K0,Stackpole Electronics Inc,RES 10K OHM 1% 1/8W 0603,R0603
1E 5%,RMCF0603JT1R00,Stackpole Electronics Inc,RES 1 OHM 5% 1/10W 0603,R0603
806K,RC0402FR-07806KL,YAGEO,"806 kOhms ±1% 0.063W, 1/16W Chip Resistor 0402 (1005 Metric) Moisture Resistant Thick Film",R0603
1K,RMCF0603JT1K00,Stackpole Electronics Inc,RES 1K OHM 5% 1/10W 0603,R0603
330E,RMCF0603FT330R,Stackpole Electronics Inc,RES 330 OHM 1% 1/10W 0603,R0603
2.7K,RMCF0603FT2K70,Stackpole Electronics Inc,RES 2.7K OHM 1% 1/10W 0603,R0603
4.7K,RMCF0603FT4K70,Stackpole Electronics Inc,RES 4.7K OHM 1% 1/10W 0603,R0603
180K,RMCF0603FT180K,Stackpole Electronics Inc,RES 180K OHM 1% 1/10W 0603,R0603
330E,RMCF0603FT330R,Stackpole Electronics Inc,RES 330 OHM 1% 1/10W 0603,R0603
220E,RMCF0603FT220R,Stackpole Electronics Inc,RES 220 OHM 1% 1/10W 0603,R0603
KLS7-TS4502-4.8-180-T,KLS7-TS4502-4.8-180-T,KLSELE,4.5*4.5 SMT Tact Switch 4.8mm 180gf,SW_PTS647SN50SMTR2LFS
nrf52840-QIAA,NRF52840-QIAA-R,Nordic Semiconductor ASA,"IC RF TxRx + MCU 802.15.4, Bluetooth Bluetooth v5.0 2.4GHz 73-VFQFN Dual Rows, Exposed Pad",AQFN73_7X7_NOR
LTC3553-2,LTC3553EUD-2#PBF,Analog Devices Inc.,IC USB POWER MANAGER 20QFN (3x3),QFN-20_UD-M
MAXM17225,MAXM17225AMB+T,Analog Devices Inc./Maxim Integrated,"TINY, 400MV TO 5.5V INPUT, NANOP,Industrial, IoT PMIC 10-eMGA (2.6x2.1)",21-100245_M102A22_MXM-M
AT25XE041D-MAHN-T,AT25XE041D-MAHN-T,Adesto Technologies,FLASH - NOR Memory IC 4Mbit SPI - Quad I/O 104 MHz 8-UDFN (2x3),PSON50P200X300X60-9N
AP9211S-AG,AP9211S-AF-HAC-7,Diodes Incorporated,Battery Management SGL Chip Protection 12Vdss 12Vgss 1000mW,DFN200X300X60-7N
LIS2DS12TR,LIS2DS12TR,STMicroelectronics,"Accelerometer X, Y, Z Axis ±2g, 4g, 8g, 16g 6.25Hz ~ 3.2kHz 12-LGA (2x2)",LGA-12_2X2X0P86_STM-M
TXS0104ERGYR,TXS0104ERGYR,Texas Instruments,Voltage Level Translator Bidirectional 1 Circuit 4 Channel 24Mbps 14-VQFN (3.5x3.5),RGY14_2P05X2P05
32MHz,8Q-32.000METV-T,TXC CORPORATION,"32 MHz ±10ppm Crystal 8pF 80 Ohms 4-SMD, No Lead",XTAL160X120X50-4N
32.768kHz,FC-135 32.7680KA-AC0,EPSON,CRYSTAL 32.7680KHZ 9PF SMD,XTAL200X120X60-2N
1uF,GRM033R61A105ME44D,Murata Electronics,CAP CER 1UF 10V X5R 0201,C0201
0.1uF,CL03A104KO3NNNC,Samsung Electro-Mechanics,CAP CER 0.1UF 16V X5R 0201,C0201
10uF,CL05A106MP5NUNC,Samsung Electro-Mechanics,CAP CER 10UF 10V X5R 0402,C0402
5035662502,5035662502,Molex,"25 Position FPC Connector Contacts, Bottom 0.012"" (0.30mm) Surface Mount, Right Angle",MOLEX_5035662502
SFH_7072,SFH_7072,OSRAM,OSRAM BIOFY® Biomonitoring Sensor,SENSOR_SFH_7072
0E,RC0201JR-070RL,Yageo,RES SMD 0 OHM JUMPER 1/20W 0201,R0201
0E,RC0201JR-070RL,Yageo,RES SMD 0 OHM JUMPER 1/20W 0201,R0201
10E,RC0201JR-0710RL,YAGEO,RES 10 OHM 5% 1/20W 0201,R0201
100K,RC0603F104CS,Samsung Electro-Mechanics,RES SMD 100K OHM 1% 1/20W 0201,R0201
10K,RC0201FR-0710KL,Yageo,RES SMD 10K OHM 1% 1/20W 0201,R0201
3.3k,RC0201JR-073K3L,YAGEO,RES 3.3K OHM 5% 1/20W 0201,R0201
S1,,,Intentional short via (This is not component),INTENTIONAL_SHORT_2PIN
MAX86174AENE+T,MAX86174AENE+T,Maxim Integrated,Maxim Dual Channel Low Cost PPG AFE,MAXIM_21-100454
LIS2DS12TR,LIS2DS12TR,STMicroelectronics,"Accelerometer X, Y, Z Axis ±2g, 4g, 8g, 16g 6.25Hz ~ 3.2kHz 12-LGA (2x2)",STMC_LGA-12
MAX32664GTGC+,MAX32664GTGC+,Maxim Integrated,Biometric Sensors SENSOR HUB W/ SPO2 & HR ALGORITHMS,QFN40P300X300X80-25N
TXS0104EYZTR,TXS0104EYZTR,Texas Instruments,Voltage Level Translator Bidirectional 1 Circuit 4 Channel 24Mbps 12-DSBGA (1.9x1.4),BGA12N50P4X3_186X136CX63N
MAX30208CLB,MAX30208CLB,Maxim Integrated,"Temperature Sensor Digital, Local 0°C ~ 70°C 16 b 10-LGA (2x2)",MAX30208CLB
32.7680KHz,CM1610H32768DZBT,Citizen Finedevice Co Ltd,"32.768 kHz ±20ppm Crystal 6pF 90 kOhms 2-SMD, No Lead",XTAL160X100X50-2N
,,,,
FPC Cable,150320225,Molex,"0.30mm Pitch, Premo-Flex FPC Jumper with Latching Ears, Same Side Contacts (Type A), 51.00mm Cable Length, Gold (Au) Plating, 25 Circuits",
10uF,CL31A106KOCLNNC,Samsung Electro-Mechanics,10 µF ±10% 16V Ceramic Capacitor X5R 1206 (3216 Metric),C1206
0.1uF,CL10B104KB8NNNL,Samsung Electro-Mechanics,CAP CER 0.1UF 50V X7R 0603,C0603
4.7uF,CL31B475KBHNNNE,Samsung Electro-Mechanics,CAP CER 4.7UF 50V X7R 1206,C1206
0.1uF,CL10B104KB8NNNL,Samsung Electro-Mechanics,CAP CER 0.1UF 50V X7R 0603,C0603
0.01uF,C0603C103K5RAC7013,KEMET,CAP CER 10000PF 50V X7R 0603,C0603
100uF,GRM31CD80J107MEA8K,Murata Electronics,CAP CER 100UF 6.3V X6T 1206,c1206
33pF,C0603C330K5HAC7867,KEMET,CAP CER 0603 33PF 50V ULTRA STAB,C0603
10pF,CL10C100JB8NFNC,Samsung Electro-Mechanics,CAP CER 10PF 50V C0G/NP0 0603,C0603
100uF,TPSC107K010R0200,KYOCERA AVX,CAP TANT 100UF 10% 10V 2312,CAP_TANT_CASEC_SMD
4.7uF,CL31B475KBHNNNE,Samsung Electro-Mechanics,CAP CER 4.7UF 50V X7R 1206,C1206
2.2uF,CL31B225KCHSNNE,Samsung Electro-Mechanics,CAP CER 2.2UF 100V X7R 1206,C1206
10uF,CL31A106KOCLNNC,Samsung Electro-Mechanics,10 µF ±10% 16V Ceramic Capacitor X5R 1206 (3216 Metric),C1206
100uF,50WXA100MEFCT78X9,Rubycon,CAP ALUM 100UF 20% 50V RADIAL,CAP_YX_8X9_RUB
22uF,C3216X5R1V226M160AC,TDK Corporation,CAP CER 22UF 35V X5R 1206,C1206
SM712,SM712,NextGen Components,"TVS DIODE 12V/7V, 20V/12V SOT23",SOT23-R
B1100-13-F,B1100-13-F,Diodes Incorporated,DIODE SCHOTTKY 100V 1A SMA,DIODE_SMA
ESD5B5.0ST1G,ESD5B5.0ST1G,onsemi,TVS DIODE 5VWM SOD523,diode2_sod523
ESD5B5.0ST1G,ESD5B5.0ST1G,onsemi,TVS DIODE 5VWM SOD523,diode2_sod523
LS R976-NR-1,LS R976-NR-1,OSRAM Opto Semiconductors Inc.,LED RED DIFFUSED 0805 SMD,LED_0805
TPSMB36CA-VR,TPSMB36CA-VR,Littelfuse Inc.,TVS DIODE 36VWM 58.1VC DO214 TR,SOD5443X240N_BI
XZMDKVG54W-4,XZMDKVG54W-4,SunLED,LED GREEN/RED CLEAR CHIP SMD,LED_XZMDKVG54W-4_1A
LG R971-KN-1,LG R971-KN-1,OSRAM Opto Semiconductors Inc.,LED GREEN DIFFUSED 0805 SMD,LED_0805
MMSZ5231B-7-F,MMSZ5231B-7-F,Diodes Incorporated,DIODE ZENER 5.1V 500MW SOD123,SOD123_DIO-L
AQ3118-01ETG,AQ3118-01ETG,Littelfuse Inc.,TVS DIODE 18VWM 38VC SOD882,SOD882
U.FL Connector,KLS1-IPEX-20279-001E-01,KLSELE,KLS1-IPEX MHF series micro coaxial connector receptacle vertical,CONN_-SMT-1_01
2450AT18A100E,2450AT18A100E,Johanson Technology Inc.,RF ANT 2.4GHZ CHIP SOLDER SMD,ANT_2450AT18A100E
L-KLS1-C2540-1577,L-KLS1-C2540-1577,KLSELE,GPS Antenna 25x25x4.0mm,ANT_CGGBP25
CON2,SSQ-102-01-T-S,Samtec Inc.,"2 Position Receptacle Connector 0.100"" (2.54mm) Through Hole Tin",BERG_1X2P_2MM_TH
CON3,KLS1-208-1-03-S-A,KLSELE,2.54mm Pitch Female Header Connector Height 8.5mm 3 terminal,BERG_1X3P_254MM_THR
CON2,KLS1-207-2.50-1-02-S-SN,KLSELE,2 pin 2.54mm Pitch Male Pin Header Connector Plating Tin,BERG_1X2P_2MM_TH
L-KLS1-SIM-092-7P-H1.4-R,L-KLS1-SIM-092-7P-H1.4-R,KLSELE,NANO SIM PUSH-PULL 6P 1.44MM H G,KLS_L-KLS1-SIM-092-7P-H1P4-R
367831201,367831201,Molex,CONN HEADER R/A 12POS 3.2MM,MOLEX_0367831201
CON2,KLS1-207-2.50-1-02-S-SN,KLSELE,2 pin 2.54mm Pitch Male Pin Header Connector Plating Tin,BERG_1X2P_2MM_TH
L-KLS1-4245-B-R,L-KLS1-4244-B-R,KLSELE,KLS1-4245 CONN RCPT 5POS MICRO USB SMD,GCT_USB3080-XX-01-A_REVE
33uH,7447714330,Würth Elektronik,"33 µH Shielded Drum Core, Wirewound Inductor 2.5 A 79mOhm Max Nonstandard",WE-PD_7447714330_1050P
742792662,742792662,Würth Elektronik,1 kOhms @ 100 MHz 1 Signal Line Ferrite Bead 0603 (1608 Metric) 600mA 300mOhm,L0603
4.7uH,NRS5020T4R7MMGJ,Taiyo Yuden,"4.7 µH Shielded Drum Core, Wirewound Inductor 2 A 72mOhm Max Nonstandard",IND_TAIYO_NRS5020_TAY
ACM2520-301-2P-T002,ACM2520-301-2P-T002,TDK Corporation,2 Line Common Mode Choke Surface Mount 300 Ohms @ 100 MHz 400mA DCR 350mOhm,FIL_ACM2520-301-2P-T
"PMBT2222A,215","PMBT2222A,215",Nexperia USA Inc.,Bipolar (BJT) Transistor NPN 30 V 600 mA 300MHz 250 mW Surface Mount TO-236AB,SOT23-R
"PMBT2222A,215","PMBT2222A,215",Nexperia USA Inc.,Bipolar (BJT) Transistor NPN 30 V 600 mA 300MHz 250 mW Surface Mount TO-236AB,SOT23-R
NTRV4101PT1G,NTRV4101PT1G,onsemi,P-Channel 20 V 1.8A (Ta) 420mW (Ta) Surface Mount SOT-23-3 (TO-236),SOT23-R
V36ZA80P,V36ZA80P,Littelfuse Inc.,36 V 2 kA Varistor 1 Circuit Through Hole Disc 20mm,VAR_B72220S1250K102
10K,CRCW060310K0JNEBC,Vishay Dale,RES 10K OHM 5% 1/10W 0603,R0603
10E,ESR10EZPJ100,Rohm Semiconductor,RES SMD 10 OHM 5% 0.4W 0805,R0805
120E,CRCW1206120RJNEA,Vishay Dale,RES SMD 120 OHM 5% 1/4W 1206,R1206
4.7K,AF0603JR-074K7L,YAGEO,RES SMD 4.7K OHM 5% 1/10W 0603,R0603
2.2K,AC0603JR-072K2L,YAGEO,RES SMD 2.2K OHM 5% 1/10W 0603,R0603
20K,AC0603FR-0720KL,YAGEO,RES SMD 20K OHM 1% 1/10W 0603,R0603
0E,CR0603-J/-000ELF,Bourns Inc.,RES SMD 0 OHM JUMPER 1/10W 0603,R0603
10K,CRCW060310K0JNEBC,Vishay Dale,RES 10K OHM 5% 1/10W 0603,R0603
100K,RC0603JR-07100KL,YAGEO,RES 100K OHM 5% 1/10W 0603,R0603
240K,RT0603FRE07240KL,YAGEO,RES SMD 240K OHM 1% 1/10W 0603,R0603
330K,RC0603FR-07330KL,YAGEO,RES 330K OHM 1% 1/10W 0603,R0603
6.2K,CR0603-FX-6201ELF,Bourns Inc.,"6.2 kOhms ±1% 0.1W, 1/10W Chip Resistor 0603 (1608 Metric) Moisture Resistant Thick Film",R0603
18K,AC0603FR-0718KL,YAGEO,RES SMD 18K OHM 1% 1/10W 0603,R0603
150E,WR06X151 JTL,Walsin Technology Corporation,RES 150 OHM 5% 1/10W 0603,R0603
330E,WR06X331 JTL,Walsin Technology Corporation,RES 330 OHM 5% 1/10W 0603,R0603
LDR,,,2.54MM pitch LDR,BERG_1X2_254MM
1K,CR0603-JW-102ELF,Bourns Inc.,RES SMD 1K OHM 5% 1/10W 0603,R0603
4.7K,AF0603JR-074K7L,YAGEO,RES SMD 4.7K OHM 5% 1/10W 0603,R0603
3.3K,WR06X332 JTL,Walsin Technology Corporation,RES 3.3K OHM 5% 1/10W 0603,R0603
560E,RC0603FR-07560RL,YAGEO,RES 560 OHM 1% 1/10W 0603,R0603
0E,CR0603-J/-000ELF,Bourns Inc.,RES SMD 0 OHM JUMPER 1/10W 0603,R0603
360E,RC0603JR-07360RL,YAGEO,RES 360 OHM 5% 1/10W 0603,R0603
15K,RC0603FR-0715KL,YAGEO,RES 15K OHM 1% 1/10W 0603,R0603
1K,CR0603-JW-102ELF,Bourns Inc.,RES SMD 1K OHM 5% 1/10W 0603,R0603
KLS7-TS4502-4.8-180-T,KLS7-TS4502-4.8-180-T,KLSELE,4.5*4.5 SMT Tact Switch 4.8mm 180gf,SW_PTS647SN50SMTR2LFS
MCP73831T-2DCI/OT,MCP73831T-2DCI/OT,Microchip Technology,IC BATT CNTL LI-ION 1CEL SOT23-5,sot_23_5_dbv0005a_m
EC200U,EC200UCNLC-N05-SNNSA,Quectel,Open CPU 4G modem with GPS,XCVR_EC25
82402305,82402305,Würth Elektronik,TVS DIODE 5VWM 6.8VC SOT23-6L,DBV6_TEX
MP9486A,MP9486AGN-Z,Monolithic Power Systems Inc.,IC REG 100V INPT 3.5A SWITCH CUR,IC_MP9486A
TS1117B,TS1117B,Taiwan Semi,TS1117B Series 1A Low Dropout Positive Voltage Regulator,sot_223
TPL5010,TPL5010DDCR,Texas Instruments,IC OSC PROG TIMER TSOT23-6,sot23-6
LIS2DS12TR,LIS2DS12TR,STMicroelectronics,ACCEL 2-16G I2C/SPI 12LGA,LGA-12_2X2X0P7_STM
TPS22919DCKR,TPS22919DCKR,TI,"5.5-V, 1.5-A, 90-mO load switch with adj. output discharge",DCK0006A_N
TXU0204BQAR,TXU0204BQAR,Texas Instruments,FOUR CHANNEL UNIDIRECTIONAL LEVE,wqfn_04bqar_tex-m
ST4SIM-200M,,,,SON127P600x500x100-9N
TD522D485H-A,TD522D485H-A,mornsun,Duplex high speed RS485 isolation transceiver module (Automatic switch to send and receive,MOD_TD522D485H-A_TH
ESD122DMY,ESD122DMYR,Texas Instruments,TVS DIODE 3.6VWM 8.4VC 3X2SON,DMY0003A
RCLAMP0582BQTCT,RCLAMP0582BQTCT,Semtech Corporation,TVS DIODE 5VWM 20VC SC75,SC75-3L_SEM
0.1uF,C0402C104K8RACTU,KEMET,CAP CER 0.1UF 10V X7R 0402,C0402
56pF,0402N560J500CT,Walsin Technology Corporation,CAP CER 56PF 50V C0G/NP0 0402,C0402
15pF,0402N150J500CT,Walsin Technology Corporation,"15 pF ±5% 50V Ceramic Capacitor C0G, NP0 0402 (1005 Metric)",C0402
0.1uF,CL10B104KB8NNNL,Samsung Electro-Mechanics,CAP CER 0.1UF 50V X7R 0603,C0603
0.1uF,C0402C104K8RACTU,KEMET,CAP CER 0.1UF 10V X7R 0402,C0402
33pF,CL05C330JB51PNC,Samsung Electro-Mechanics,CAP CER 33PF 50V NP0 0402,C0402
10uF,TAJA106K010SNJ,KYOCERA AVX,CAP TANT 10UF 10% 10V 1206,CAP_TANTALUM_CASEA
1uF,CC0402ZRY5V6BB105,YAGEO,CAP CER 1UF 10V Y5V 0402,C0402
22uF,CC1206ZKY5V5BB226,YAGEO,CAP CER 22UF 6.3V Y5V 1206,C1206
"BZV55-C3V6,115","BZV55-C3V6,115",Nexperia USA Inc.,Zener Diode 3.6 V 500 mW ±5% Surface Mount LLDS; MiniMelf,SOD-80
ESD5B5.0ST1G,ESD5B5.0ST1G,onsemi,TVS DIODE 5VWM SOD523,diode2_sod523
GREEN LED,150080VS75000,Würth Elektronik,Green 570nm LED Indication - Discrete 2V 0805 (2012 Metric),LED_0805
RED LED,150080RS75000,Würth Elektronik,Red 625nm LED Indication - Discrete 2V 0805 (2012 Metric),LED_0805
U.FL Connector,KLS1-IPEX-20279-001E-01,KLSELE,KLS1-IPEX MHF series micro coaxial connector receptacle vertical,CONN_-SMT-1_01
CON8,S08B-XASS-1N-BN(LF)(SN),JST Sales America Inc.,"Connector Header Through Hole, Right Angle 8 position 0.098"" (2.50mm)",con-s8b_xh-08x1-2_50-ra-th
KLS1-SIM-066-6+1P-H1.37-R,L-KLS1-SIM-092-7P-H1.4-R,KLSELE,NANO SIM PUSH-PULL 6P 1.44MM H G,KLS_L-KLS1-SIM-092-7P-H1P4-R
L-KLS1-238-0-X-0-X,L-KLS1-238-0-X-0-X,KLSELE,CONN RCPT 5POS MICRO USB SMD RA,CONN_10118194-0001LF_AMP
CON2,SSQ-102-01-T-S,Samtec Inc.,"2 Position Receptacle Connector 0.100"" (2.54mm) Through Hole Tin",BERG_1X2P_2MM_TH
CON3,PPPC031LFBN-RC,Sullins Connector Solutions,"3 Position Header Connector 0.100"" (2.54mm) Through Hole Gold",BERG_1X3P_254MM_THR
HEADER 4,S04B-XASS-1N-BN(LF)(SN),JST Sales America Inc.,"Connector Header Through Hole, Right Angle 4 position 0.098"" (2.50mm)",con-s4b_xh-04x1-2_50-ra-th
Ferride bead1KOhms@ 100MHz,BLM15AG102SH1D,Murata Electronics,1 kOhms @ 100 MHz 1 - Ferrite Bead 0402 (1005 Metric) 200mA 1Ohm,L0402
0E,CR0603-J/-000ELF,Bourns Inc.,RES SMD 0 OHM JUMPER 1/10W 0603,R0603
10K,ERJ-2RKF1002X,Panasonic Electronic Components,RES SMD 10K OHM 1% 1/10W 0402,R0402
10K,ERJ-2RKF1002X,Panasonic Electronic Components,RES SMD 10K OHM 1% 1/10W 0402,R0402
22E,RC0402JR-0722RP,YAGEO,RES SMD 22 OHM 5% 1/16W 0402,R0402
120K,RMCF0402FT120K,Stackpole Electronics Inc,RES 120K OHM 1% 1/16W 0402,R0402
240E,RC0402JR-07240RL,YAGEO,RES 240 OHM 5% 1/16W 0402,R0402
560E,RC0402FR-07560RL,YAGEO,RES 560 OHM 1% 1/16W 0402,R0402
0E,CR0603-J/-000ELF,Bourns Inc.,RES SMD 0 OHM JUMPER 1/10W 0603,R0603
12K,AC0402JR-0712KL,YAGEO,RES SMD 12K OHM 5% 1/16W 0402,R0402
4.7K,AF0402JR-074K7L,YAGEO,RES SMD 4.7K OHM 5% 1/16W 0402,R0402
1K,RC0402JR-071KP,YAGEO,RES SMD 1K OHM 5% 1/16W 0402,R0402
15K,RC0402FR-0715KL,YAGEO,RES 15K OHM 1% 1/16W 0402,R0402
20K,AC0402FR-0720KL,YAGEO,RES SMD 20K OHM 1% 1/16W 0402,R0402
2.2K,AC0402JR-072K2L,YAGEO,RES SMD 2.2K OHM 5% 1/16W 0402,R0402
0E,RC0402JR-070RP,YAGEO,RES SMD 0 OHM JUMPER 1/16W 0402,R0402
100E,AC0402FR-7W100RL,YAGEO,RES 100 OHM 1% 1/8W 0402,R0402
200E,ERJ-2RKF2000X,Panasonic Electronic Components,RES SMD 200 OHM 1% 1/10W 0402,R0402
330E,ERJ-2GEJ331X,Panasonic Electronic Components,RES SMD 330 OHM 5% 1/10W 0402,R0402
KLS7-TS4502-4.8-180-T,KLS7-TS4502-4.8-180-T,KLSELE,4.5*4.5 SMT Tact Switch 4.8mm 180gf,SW_PTS647SN50SMTR2LFS
82402305,82402305,Würth Elektronik,TVS DIODE 5VWM 6.8VC SOT23-6L,DBV6_TEX
TS1117B,TS1117B,Taiwan Semi,TS1117B Series 1A Low Dropout Positive Voltage Regulator,sot_223
TPL5010,TPL5010DDCR,Texas Instruments,IC OSC PROG TIMER TSOT23-6,sot23-6
ST4SIM-200M,,,,SON127P600x500x100-9N
LSF0204RUTR,LSF0204RUTR,Texas Instruments,4-Bit Bidirectional Multi-Voltage Level Translator for Open-Drain & Push- Pull,UQFN-RUT_12_040_200_170_SMD
JNB2550,JNB2550,JIO,JNB2550 JIO NBIOT module 20.65*20.65mm,QFP_110PX265L1X265L2X72P_SMD
0.1uF,CL03A104KO3NNNC,Samsung Electro-Mechanics,CAP CER 0.1UF 16V X5R 0201,C0201
1uF,GRM033R60J105MEA2D,Murata Electronics,CAP CER 1UF 6.3V X5R 0201,C0201
10uF,CL05A106MQ5NUNC,Samsung Electro-Mechanics,CAP CER 10UF 6.3V X5R 0402,C0402
12pF,250R05L120GV4T,Johanson Technology Inc.,CAP CER 12PF 25V C0G/NP0 0201,C0201
100pF,0201B101K160CT,Walsin Technology Corporation,CAP CER 100PF 16V X7R 0201,C0201
0.1uF,CL03A104KO3NNNC,Samsung Electro-Mechanics,CAP CER 0.1UF 16V X5R 0201,C0201
1pF,0201N1R0B500CT,Walsin Technology Corporation,CAP CER 1PF 50V C0G/NP0 0201,C0201
BLUE LED,CLM3A-BKW-CTBVA463,"CreeLED, Inc.",LED BLUE CLEAR 2PLCC SMD,LED_CREE_CLM3B
RED LED,CLM3C-RKW-CUBVAAA3,"CreeLED, Inc.",LED RED CLEAR 2PLCC SMD,LED_CREE_CLM3B
2450AT18A100E,2450AT18A100E,Johanson Technology Inc.,RF ANT 2.4GHZ CHIP SOLDER SMD,ANT_2450AT18A100E
UJ2-MIBV-4-SMT-TR-67,UJ2-MIBV-4-SMT-TR-67,CUI Devices,USB JACK 2.0 MICRO B TYPE IP67 5,CUI_UJ2-MIBV-4-SMT-TR-67
CON2,61300211121,Würth Elektronik,CONN HEADER VERT 2POS 2.54MM,BERG_1X2
CON5,M50-3530542,Harwin Inc.,CONN HEADER VERT 5POS 1.27MM,TP_1X5_C
CON3,GRPB031VWVN-RC,Sullins Connector Solutions,CONN HEADER VERT 3POS 1.27MM,TP_1X3_C
2450FM07A0029,2450FM07A0029T,Johanson Technology Inc.,RF FILTR LO PASS 2.4-2.5GHZ 0402,FIL0402
10uH,MLZ1608M100WT000,TDK Corporation,FIXED IND 10UH 250MA 1.05 OHM,L0603
15nH,LQG15HZ15NJ02D,Murata Electronics,FIXED IND 15NH 450MA 320MOHM SMD,L0402
DTC124EMT2L,DTC124EMT2L,Rohm Semiconductor,TRANS PREBIAS NPN 150MW VMT3,TRANS_SOT-723
0E,RC0201JR-070RL,Yageo,RES SMD 0 OHM JUMPER 1/20W 0201,R0201
1M,RC0603J105CS,Samsung Electro-Mechanics,RES SMD 1M OHM 5% 1/20W 0201,R0201
10K,RC0201FR-0710KL,Yageo,RES SMD 10K OHM 1% 1/20W 0201,R0201
2M,RC0201JR-072ML,Yageo,RES SMD 2M OHM 5% 1/20W 0201,R0201
100K,RC0603F104CS,Samsung Electro-Mechanics,RES SMD 100K OHM 1% 1/20W 0201,R0201
10E,RC0201JR-0710RL,Yageo,"10 Ohms ±5% 0.05W, 1/20W Chip Resistor 0201 (0603 Metric) Moisture Resistant Thick Film",R0201
120E,RC0201JR-07120RL,Yageo,"120 Ohms ±5% 0.05W, 1/20W Chip Resistor 0201 (0603 Metric) Moisture Resistant Thick Film",R0201
10K,RC0201FR-0710KL,Yageo,RES SMD 10K OHM 1% 1/20W 0201,R0201
TPS7A0530PDQNR,TPS7A0530PDQNT,Texas Instruments,IC REG LINEAR 3V 200MA 4X2SON,SON65P100X100X40-5N
MCP73831,MCP73831-2ACI/MC,Microchip Technology,IC CONTROLLER LI-ION 4.2V 8DFN,DFN50P300X200X100-9N
NRF52810,NRF52810-QFAA-R,Nordic Semiconductor ASA,IC RF TxRx + MCU Bluetooth Bluetooth v5.0 2.4GHz 48-VFQFN Exposed Pad,QFN40P600X600X90-49N
LSM6DSLTR,LSM6DSLTR,STMicroelectronics,IMU ACCEL/GYRO I2C/SPI 14LGA,PQFN50P300X250X86-14N
W25Q16JVZPIQ TR,W25Q16JVZPIQ TR,Winbond Electronics,FLASH - NOR Memory IC 16Mb (2M x 8) SPI - Quad I/O 133 MHz 8-WSON (6x5),SON127P500X600X80-9N
H3LIS200DL,H3LIS200DL,STMicroelectronics,ACCEL 200G I2C/SPI 16TFLGA,LGA16R50P7X5_300X300X100N
32MHz,8Q-32.000METV-T,TXC CORPORATION,"32 MHz ±10ppm Crystal 8pF 80 Ohms 4-SMD, No Lead",XTAL160X120X50-4N
32.768kHz,CM8V-T1A-32.768KHZ-7PF-20PPM-TA-QC,Micro Crystal AG,CRYSTAL 32.7680KHZ 7PF SMD,XTAL200X120X60-2N
4.7uF,CGA5L1X7R1E475K160AC,TDK Corporation,CAP CER 4.7UF 25V X7R 1206,C1206
1uF,CL10A105KA8NNNC,Samsung Electro-Mechanics,CAP CER 1UF 25V X5R 0603,C0603
0.1uF,CL10B104KB8NNNL,Samsung Electro-Mechanics,CAP CER 0.1UF 50V X7R 0603,C0603
0.01uF,C0603C103K5RAC7013,KEMET,CAP CER 10000PF 50V X7R 0603,C0603
4.7uF,GMC21X7R475K50NT,"CAL-CHIP ELECTRONICS, INC.",CAP CER 4.7UF 50V X7R 0805,C0805
22uF,F931C226MAA,AVX Corporation,CAP TANT 22UF 20% 16V 1206,CAP_TANTALUM_CASEA
100uF,865230245004,Würth Elektronik,CAP ALUM 100UF 20% 10V SMD,CAP_630X770_SMD
2.2uF,C3216X7R1E225K160AE,TDK Corporation,CAP CER 2.2UF 25V X7R 1206,C1206
10uF,CL31A106KOCLNNC,Samsung Electro-Mechanics,10 µF ±10% 16V Ceramic Capacitor X5R 1206 (3216 Metric),C1206
2.2uF,UMK107BBJ225KA-T,KEMET,2.2 µF ±10% 50V Ceramic Capacitor X5R 0603 (1608 Metric),C0603
0.001uF,MT18N102J500CT,Walsin Technology Corporation,"1000 pF ±5% 50V Ceramic Capacitor C0G, NP0 0603 (1608 Metric)",C0603
SS34,SS34L RVG,Taiwan Semiconductor Corporation,DIODE SCHOTTKY 40V 3A SUB SMA,DIODE_SMA
XZMDKVG54W-4,XZMDKVG54W-4,SunLED,LED GREEN/RED CLEAR CHIP SMD,LED_XZMDKVG54W-4_1A
CON16A,PPTC082LFBN-RC,Sullins Connector Solutions,"16 Position Header Connector 0.100"" (2.54mm) Through Hole Tin",SAMTEC_BERG_2X16P_THR
CON5,PPTC051LFBN-RC,Sullins Connector Solutions,"5 Position Header Connector 0.100"" (2.54mm) Through Hole Tin",berg_1x5p_254mm_thr
CT,ZMCT103C,Zeming,10 Ampere Current Transformer,CT_INDTRA_L170W89H200P127_TH
CON4,09-65-2048,Molex,Headers & Wire Housings HDR SPOX VERTICAL 4P,CON-SPOX-SKT_5X1-254-TH
33uH,744775133,Würth Elektronik,FIXED IND 33UH 1.35A 130MOHM SMD,IND_744775133
BLM18PG471SN1,742792662,Würth Elektronik,1 kOhms @ 100 MHz 1 Signal Line Ferrite Bead 0603 (1608 Metric) 600mA 300mOhm,L0603
10K,CRCW060310K0JNEB,Vishay Dale,RES SMD 10K OHM 5% 1/10W 0603,R0603
330K,CR0603-FX-3303ELF,Bourns Inc.,RES SMD 330K OHM 1% 1/10W 0603,R0603
0E,CR0603-J/-000ELF,Bourns Inc.,RES SMD 0 OHM JUMPER 1/10W 0603,R0603
150K,AF0603FR-07150KL,YAGEO,RES SMD 150K OHM 1% 1/10W 0603,R0603
200K,AC0603JR-07200KL,YAGEO,RES SMD 200K OHM 5% 1/10W 0603,R0603
560E,RC0603FR-07560RL,YAGEO,RES 560 OHM 1% 1/10W 0603,R0603
240E,ERJ-S03F2400V,Panasonic Electronic Components,RES SMD 240 OHM 1% 1/10W 0603,R0603
100K,AF0603FR-07100KL,YAGEO,RES SMD 100K OHM 1% 1/10W 0603,R0603
51K,AC0603JR-0751KL,YAGEO,RES SMD 51K OHM 5% 1/10W 0603,R0603
100E,CR0603-JW-101ELF,Bourns Inc.,RES SMD 100 OHM 5% 1/10W 0603,R0805
KLS7-TS4502-4.8-180-T,KLS7-TS4502-4.8-180-T,KLSELE,4.5*4.5 SMT Tact Switch 4.8mm 180gf,SW_PTS647SN50SMTR2LFS
VAUX,,,TEST POINT_SMD_1MM,TP_2MM_C
VCC_3V3,,,TEST POINT_SMD_1MM,TP_2MM_C
TICEDATA,,,TEST POINT_SMD_1MM,TP_2MM_C
TICECLK,,,TEST POINT_SMD_1MM,TP_2MM_C
ADC6,,,TEST POINT_SMD_1MM,TP_1MM_C
ADC5,,,TEST POINT_SMD_1MM,TP_1MM_C
CT_DUMMY1,,,TEST POINT_SMD_2.2MM,TP_245D175H_TH
CT_DUMMY2,,,TEST POINT_SMD_2.2MM,TP_245D175H_TH
CT_DUMMY3,,,TEST POINT_SMD_2.2MM,TP_245D175H_TH
CT_DUMMY4,,,TEST POINT_SMD_2.2MM,TP_245D175H_TH
VCC_3V3_MCU,,,TEST POINT_SMD_1MM,TP_2MM_C
nRST,,,TEST POINT_SMD_1MM,TP_2MM_C
PWM OUT,,,TEST POINT_SMD_1MM,TP_1MM_C
SPI_MISO,,,TEST POINT_SMD_1MM,TP_1MM_C
SPI_MOSI,,,TEST POINT_SMD_1MM,TP_1MM_C
SPI_CLK,,,TEST POINT_SMD_1MM,TP_1MM_C
P1.1,,,TEST POINT_SMD_1MM,TP_1MM_C
SPI_CS,,,TEST POINT_SMD_1MM,TP_1MM_C
P0.5,,,TEST POINT_SMD_1MM,TP_1MM_C
VCC_4V2,,,TEST POINT_SMD_1MM,TP_2MM_C
VAUX_OPAMP,,,TEST POINT_SMD_1MM,TP_2MM_C
GND,,,TEST POINT_SMD_1MM,TP_2MM_C
CT_TP1,,,TEST POINT_SMD_1MM,TP_2MM_C
CT_TP2,,,TEST POINT_SMD_1MM,TP_2MM_C
TP_DIM+,,,TEST POINT_SMD_1MM,TP_2MM_C
NIC_UART_TXD,,,TEST POINT_SMD_1MM,TP_2MM_C
NIC_UART_RXD,,,TEST POINT_SMD_1MM,TP_2MM_C
VCC_12V_INPUT,,,TEST POINT_SMD_1MM,TP_2MM_C
MIC5317-3.3YD5-TR,MIC5317-3.3YD5-TR,Microchip Technology,IC REG LIN 3.3V 150MA TSOT23-5,SOT_23_5_DBV0005A_M
MP9486A,MP9486AGN-Z,Monolithic Power Systems Inc.,IC REG 100V INPT 3.5A SWITCH CUR,IC_MP9486A
LM2904B,LM2904BIPWR,Texas Instruments,"Dual, 36-V, 1.2-MHz operational amplifier, 8-TSSOP",TSSOP_8_P065_660X310_SMD
MS51FB9AE,MS51FB9AE,Nuvoton Technology,8051 series Microcontroller IC 8-Bit 24MHz 16KB (16K x 8) FLASH 20-TSSOP,sop65p640x120-20n
0.1uF,CL10B104KB8NNNL,Samsung Electro-Mechanics,CAP CER 0.1UF 50V X7R 0603,C0603
470uF,860020374012,Würth Elektronik,CAP ALUM 470UF 20% 16V RADIAL,AECAP_WRUTH_P350_D8_H11P5_TH
150uF/220uF,860010574009 / SA-221-1V-M-BB-B0,Würth Elektronik/ Keltron,"150 µF 35 V Aluminum Electrolytic Capacitors Radial, Can - 2000 Hrs @ 85°C / ELCO 85 DEG 220UFD 35V 8*12.5 KELTRON- 2 K HRS",AECAP_WRUTH_
33uF,860021378014,Würth Elektronik,"33 µF 400 V Aluminum Electrolytic Capacitors Radial, Can - 2000 Hrs @ 105°C",WCAP-ATG5_13x20x5_0R6
1nF,CD45-E2GA102M-VKA,TDK Corporation,"1000 pF ±20% 440VAC Ceramic Capacitor E Radial, Disc",CAP_TDK_P100_D700_H115_TH
1uF,CL10A105KA8NNNC,Samsung Electro-Mechanics,CAP CER 1UF 25V X5R 0603,C0603
0.01uF,C0603C103K5RAC7013,KEMET,CAP CER 10000PF 50V X7R 0603,C0603
22uF,1206X226K250CT,Walsin Technology Corporation,22 µF ±10% 25V Ceramic Capacitor X5R 1206 (3216 Metric),CAP_TANTALUM_CASEA
10uF,CL31A106KOCLNNC,Samsung Electro-Mechanics,10 µF ±10% 16V Ceramic Capacitor X5R 1206 (3216 Metric),C1206
1nF,CL10B102KB8NNNC,Samsung Electro-Mechanics,CAP CER 1000PF 50V X7R 0603,C0603
10pF,0603N100J500CT,Walsin Technology Corporation,CAP CER 10PF 50V C0G/NP0 0603,C0603
M7,M7,MDD,Diode Standard 1000 V 1A Surface Mount SMA,diode_sma
M7,M7,MDD,Diode Standard 1000 V 1A Surface Mount SMA,diode_sma
SMBJ7.0A,SMBJ7.0A,Bourns Inc.,12V Clamp 50A Ipp Tvs Diode Surface Mount SMB (DO-214AA),DIODE_SMBJSeries_LTF-L_SMD
SS34,SS34L RVG,Taiwan Semiconductor Corporation,DIODE SCHOTTKY 40V 3A SUB SMA,diode_sma
LED RED,150120RS75000,Würth Elektronik,Red 625nm LED Indication - Discrete 2V 1206 (3216 Metric),LED_1206_SMD
LED GREEN,150120VS75000,Würth Elektronik,Green 570nm LED Indication - Discrete 2V 1206 (3216 Metric),LED_1206_SMD
CON2,ZMCT103C,DNA Tech,"CT through hole, 1000:1, Pich 11.8MM, 18.2X10.2X20.5MM",ct_18_2x10_2x19_2-p11_8_th
CON16A,KLS1-208-2-16-S-A,KLSELE,2.54mm Pitch Female Header Connector Height 8.5mm 16 terminal,SAMTEC_BERG_2X16P_THR
CON5,PPTC051LFBN-RC,Sullins Connector Solutions,"5 Position Header Connector 0.100"" (2.54mm) Through Hole Tin",berg_1x5p_254mm_thr
CON3,TC0323620000G,Amphenol Anytek,TERM BLK 3P SIDE ENT 5.08MM PCB,conn_termblk_3x5_08mm_thr_1
CR2032,L-KLS5-CR2032-01,KLSELE,"CR2032 DIP COIN CELL RETAINERSH8.70mm, Tin plated",bat_bh32t-c-g
CON3,PPTC031LFBN-RC,Sullins Connector Solutions,"3 Position Header Connector 0.100"" (2.54mm) Through Hole Tin",BERG_1X3P_254MM_THR
HF3FF/005-1ZST,HF3FF/005-1ZST,HONGFA EUROPE GMBH,Power Relay 5VDC 10(NO)/5(NC)A SPDT(19x15.2x15.5)mm THT Automotive,RELAY_SRD-05VDC-SL-C
1mH,7445630,Würth Elektronik,1 mH Unshielded Wirewound Inductor 400 mA 3.9Ohm Max Nonstandard -,IND_WE_74456347_12X10_SMD
2.2uH,74404054022,Würth Elektronik,2.2 µH Semi-Shielded Wirewound Inductor 3.8 A 19mOhm Nonstandard,IND_WE-LQS_5040_SMD
BLM18PG471SN1,742792662,Würth Elektronik,1 kOhms @ 100 MHz 1 Signal Line Ferrite Bead 0603 (1608 Metric) 600mA 300mOhm,L0603
"PMBT2222A,215","PMBT2222A,215",Nexperia USA Inc.,Bipolar (BJT) Transistor NPN 30 V 600 mA 300MHz 250 mW Surface Mount TO-236AB,SOT23-R
V14E460P,V14E460P,Littelfuse Inc.,VARISTOR 750V 6KA DISC 14MM,MOV_2P_P750_D155XH190_TH
12E,PNP300JR-73-12R,YAGEO,"12 Ohms ±5% 3W Through Hole Resistor Axial Flame Retardant Coating, Safety Wirewound",res400
1M,ESR18EZPJ105,Rohm Semiconductor,RES SMD 1M OHM 5% 1/2W 1206,R1206
10K,CRCW060310K0JNEB,Vishay Dale,RES SMD 10K OHM 5% 1/10W 0603,R0603
0E,CR0603-J/-000ELF,Bourns Inc.,RES SMD 0 OHM JUMPER 1/10W 0603,R0603
100K,AF0603FR-07100KL,YAGEO,RES SMD 100K OHM 1% 1/10W 0603,R0603
51K,AC0603JR-0751KL,YAGEO,RES SMD 51K OHM 5% 1/10W 0603,R0603
100E,CR0603-JW-101ELF,Bourns Inc.,RES SMD 100 OHM 5% 1/10W 0603,R0603
1K,CR0603-JW-102ELF,Bourns Inc.,RES SMD 1K OHM 5% 1/10W 0603,R0603
0E,CR0603-J/-000ELF,Bourns Inc.,RES SMD 0 OHM JUMPER 1/10W 0603,R0603
240E,ERJ-S03F2400V,Panasonic Electronic Components,RES SMD 240 OHM 1% 1/10W 0603,R0603
560E,RC0603FR-07560RL,YAGEO,RES 560 OHM 1% 1/10W 0603,R0603
10K,CRCW060310K0JNEB,Vishay Dale,RES SMD 10K OHM 5% 1/10W 0603,R0603
100K,AF0603FR-07100KL,YAGEO,RES SMD 100K OHM 1% 1/10W 0603,R0603
4.7K,AF0603JR-074K7L,YAGEO,RES SMD 4.7K OHM 5% 1/10W 0603,R0603
150E,WR06X151 JTL,Walsin Technology Corporation,RES 150 OHM 5% 1/10W 0603,R0603
330E,WR06X331 JTL,Walsin Technology Corporation,RES 330 OHM 5% 1/10W 0603,R0603
KLS7-TS4502-4.8-180-T,KLS7-TS4502-4.8-180-T,KLSELE,4.5*4.5 SMT Tact Switch 4.8mm 180gf,SW_PTS647SN50SMTR2LFS
LS05-26B05R3,LS05-26B05R3,MORSUN,"Ultra-wide 90 - 528VAC and 100 - 745VDC input v,5W, DIY A",MOD_MORSUN_LS05-26B05R3_TH
TLV70032DDCR,TLV70032DDCR,Texas Instruments,"200-mA, high-PSRR, low-IQ, low-dropout voltage regulator with enable TSOT23-5",SOT_23_5_DBV0005A_M
LM2904B,LM2904BIPWR,Texas Instruments,"Dual, 36-V, 1.2-MHz operational amplifier, 8-TSSOP",TSSOP_8_P065_660X310_SMD
M031FC1AE,M031FC1AE,Nuvoton Technology,ARM® Cortex®-M0 - Microcontroller IC 32-Bit 48MHz 32KB (32K x 8) FLASH 20-TSSOP,sop65p640x120-20n
LM358BIDR,LM358BIDR,Texas Instruments,General Purpose Amplifier 2 Circuit 8-SOIC,SOIC_8
MCP7940N-ISN,MCP7940N-I/SN,Microchip,"Real Time Clock (RTC) IC Clock/Calendar 64B I²C, 2-Wire Serial 8-SOIC (0.154"", 3.90mm Width)",SOIC8-N_MC_MCH-M
TS1117B,TS1117B,Taiwan Semi,TS1117B Series 1A Low Dropout Positive Voltage Regulator,sot_223
32.768 KHz,830014219B,Würth Elektronik,"32.768 kHz ±20ppm Crystal 6pF 50 kOhms Cylindrical Can, Radial",WE-XTAL_WATCH_3x8
32.768KHz,ABS07-32.768KHZ-7-T,Abracon LLC,"32.768 kHz ±20ppm Crystal 7pF 70 kOhms 2-SMD, No Lead",XTAL320X150X90
BATTERY,,,,BERG_1X2
4.7uF,CL10A475KO8NNNC,Samsung Electro-Mechanics,CAP CER 4.7UF 16V X5R 0603,C0603
0.1uF,C0402C104K8RACTU,KEMET,CAP CER 0.1UF 10V X7R 0402,C0402
1uF,CC0402ZRY5V6BB105,Yageo,CAP CER 1UF 10V Y5V 0402,C0402
820pF,GRM1555C1H821JA01J,Murata Electronics,CAP CER 820PF 50V C0G/NP0 0402,C0402
47nF,C1005X7R1C473K050BC,TDK Corporation,CAP CER 0.047UF 16V X7R 0402,C0402
100pF,885012005013,Würth Elektronik,CAP CER 100PF 10V C0G/NP0 0402,C0402
0.1uF,C0402C104K8RACTU,KEMET,CAP CER 0.1UF 10V X7R 0402,C0402
1.0pF,GJM1555C1H1R0WB01D,Murata Electronics,CAP CER 1PF 50V C0G/NP0 0402,C0402
12pF,C0402C120G5GAC7867,KEMET,CAP CER 12PF 50V C0G/NP0 0402,C0402
1uF,CC0402ZRY5V6BB105,Yageo,CAP CER 1UF 10V Y5V 0402,C0402
LED,APT1608MGC,Kingbright,LED GREEN CLEAR CHIP SMD,LED0603
ANTENNA,2450AT18A100E,Johanson Technology Inc.,2.4GHz  Chip RF Antenna 2.4GHz ~ 2.5GHz 0.5dBi Solder Surface Mount,2450AT18A100E
CON4,M50-3530542,Harwin Inc.,"Connector Header Through Hole 5 position 0.050"" (1.27mm)",berg5pin_th_127mm
CONN PCB 2,M50-3530342,Harwin Inc.,"Connector Header Through Hole 3 position 0.050"" (1.27mm)",berg3pin_th_127mm
2130830005,2130830005,Molex,CONN RCP USB2.0 TYP C 24P SMD RA,2130830005_MOL
2450FM07B0037,RF FILTER LOW PASS 2.45GHZ 0402,Johanson Technology Inc.,RF FILTER LOW PASS 2.45GHZ 0402,2450FM07B0037
10uH,LQM18FN100M00D,Murata Electronics,FIXED IND 10UH 50MA 900 MOHM SMD,L0603
15nH,L-07C15NJV6T,Johanson Technology Inc.,15nH Unshielded Multilayer Inductor 250mA 600mOhm Max 0402 (1005 Metric),L0402
NTE4151PT1G,NTE4151PT1G,onsemi,MOSFET P-CH 20V 760MA SC89-3,SC89-3_0P95X1P7_ONS-M
10K,ERJ-2RKF1002X,Panasonic Electronic Components,RES SMD 10K OHM 1% 1/10W 0402,R0402
215K,ERJ-2RKF2153X,Panasonic Electronic Components,"215 kOhms ±1% 0.1W, 1/10W Chip Resistor 0402 (1005 Metric) Automotive AEC-Q200 Thick Film",R0402
66.5K,RT0402BRD0766K5L,Yageo,RES SMD 66.5KOHM 0.1% 1/16W 0402,R0402
"40.2K,0.5%",RNCF0402DTE40K2,Stackpole Electronics Inc,RES 40.2K OHM 0.5% 1/10W 0402,R0402
47K,ERJ-2GEJ473X,Panasonic Electronic Components,RES SMD 47K OHM 5% 1/10W 0402,R0402
200K,ERJ-2RKF2003X,Panasonic Electronic Components,RES SMD 200K OHM 1% 1/10W 0402,R0402
100K,ERJ-2RKF1003X,Panasonic Electronic Components,RES SMD 100K OHM 1% 1/10W 0402,R0402
15K,AF0402FR-0715KL,YAGEO,RES SMD 15K OHM 1% 1/16W 0402,R0402
0E,ERJ-2GE0R00X,Panasonic Electronic Components,RES SMD 0 OHM JUMPER 1/10W 0402,R0402
4.7K,ERJ-2GEJ472X,Panasonic Electronic Components,RES SMD 4.7K OHM 5% 1/10W 0402,R0402
2.2K,ERJ-2GEJ222X,Panasonic Electronic Components,RES SMD 2.2K OHM 5% 1/10W 0402,R0402
100K,ERJ-2RKF1003X,Panasonic Electronic Components,RES SMD 100K OHM 1% 1/10W 0402,R0402
10K,ERJ-2RKF1002X,Panasonic Electronic Components,RES SMD 10K OHM 1% 1/10W 0402,R0402
0E,ERJ-2GE0R00X,Panasonic Electronic Components,RES SMD 0 OHM JUMPER 1/10W 0402,R0402
1K,ERJ-2RKF1001X,Panasonic Electronic Components,RES SMD 1K OHM 1% 1/10W 0402,R0402
1K,ERJ-2RKF1001X,Panasonic Electronic Components,RES SMD 1K OHM 1% 1/10W 0402,R0402
SW_PB_SPST,NANOT 160 BP,C&K,SWITCH TACT PIP,SW_nanoTectile
LSM6DSL,LSM6DSLTR,STMicroelectronics,IMU ACCEL/GYRO I2C/SPI 14LGA,PQFN50P300X250X86-14N
TPS76928,TPS76928QDBVRG4Q1,Texas Instruments,LDO Voltage Regulators Sgl Output LDO 100mA Fixed,sot23-5
TPL5010,TPL5010DDCR,Texas Instruments,IC OSC PROG TIMER TSOT23-6,sot23-6
FCL - 015 - H125 - 99,FCL - 015 - H125 - 99/R,E-tec,FPC/FFC Connector - SMT - 1.25mm pitch horizontal,L-KLS1-220D-25-15-T-L-R
MCP73832T-2ACI/OT,MCP73832T-2ACI/OT,Microchip Technology,IC BATT CNTL LI-ION 1CEL SOT23-5,QFN_200X300X90
DG2523DN-T1-GE4,DG2523DN-T1-GE4,Vishay Siliconix,IC SWITCH DPDT X 2 550MOHM 16QFN,QFN_3DN-T1-GE4_VIS
nRF52833,NRF52833-QIAA-R,Nordic Semiconductor ASA,BLE/ANT/ 802.15.4/THREAD/ZIGBEE,XCVR_NRF52833
AT25DF041B,AT25DF041B-MAHN-T,Adesto Technologies,IC FLASH 4MBIT SPI 104MHZ 8UDFN,PSON50P200X300X60-9N
SGM41100A,SGM41100A-430O09YUDT6G/TR,SG Micro,Monolithic Li-Ion/Polymer Battery Protector,DFN_6_150X200
32M,FA-20H 32.0000MF12Y-W3,EPSON,CRYSTAL 32.00 MHZ 12PF SMD,osc_3-2mmx2-5mm
32.768K,FC-12M 32.7680KD-A3,EPSON,"32.768kHz ±30ppm Crystal 12.5pF 90 kOhms 2-SMD, No Lead",XTAL_ECS327125
10uF,CL31A106KOCLNNC,Samsung Electro-Mechanics,10 µF ±10% 16V Ceramic Capacitor X5R 1206 (3216 Metric),C1206
0.1uF,CL10B104KB8NNNL,Samsung Electro-Mechanics,CAP CER 0.1UF 50V X7R 0603,C0603
4.7uF,CL31B475KBHNNNE,Samsung Electro-Mechanics,CAP CER 4.7UF 50V X7R 1206,C1206
0.1uF,CL10B104KB8NNNL,Samsung Electro-Mechanics,CAP CER 0.1UF 50V X7R 0603,C0603
100uF,GRM32EC80J107ME20L,Murata Electronics,CAP CER 100UF 6.3V X6S 1210,C1210
33pF,C0603C330K5HAC7867,KEMET,CAP CER 0603 33PF 50V ULTRA STAB,C0603
10pF,CL10C100JB8NFNC,Samsung Electro-Mechanics,CAP CER 10PF 50V C0G/NP0 0603,C0603
100uF,TPSC107K010R0200,KYOCERA AVX,CAP TANT 100UF 10% 10V 2312,CAP_TANT_CASEC_SMD
4.7uF,CL31B475KBHNNNE,Samsung Electro-Mechanics,CAP CER 4.7UF 50V X7R 1206,C1206
2.2uF,CL31A225KB9LNNC,Samsung Electro-Mechanics,CAP CER 2.2UF 50V X5R 1206,C1206
10uF,TAJA106K010SNJ,KYOCERA AVX,CAP TANT 10UF 10% 10V 1206,CAP_TANTALUM_CASEA
10uF,CL31A106KOCLNNC,Samsung Electro-Mechanics,10 µF ±10% 16V Ceramic Capacitor X5R 1206 (3216 Metric),C1206
SM712,SM712,NextGen Components,"TVS DIODE 12V/7V, 20V/12V SOT23",SOT23-R
B1100-13-F,B1100-13-F,Diodes Incorporated,DIODE SCHOTTKY 100V 1A SMA,DIODE_SMA
SS34,SS34L RVG,Taiwan Semiconductor Corporation,DIODE SCHOTTKY 40V 3A SUB SMA,DIODE_SMA
M7,M7,NextGen Components,Diode Standard 1000 V 1A Surface Mount SMA,DIODE_SMA
SS34,SS34L RVG,Taiwan Semiconductor Corporation,DIODE SCHOTTKY 40V 3A SUB SMA,DIODE_SMA
ESD5B5.0ST1G,ESD5B5.0ST1G,onsemi,TVS DIODE 5VWM SOD523,diode2_sod523
ESD5B5.0ST1G,ESD5B5.0ST1G,onsemi,TVS DIODE 5VWM SOD523,diode2_sod523
RED LED,LS R976-NR-1,OSRAM Opto Semiconductors Inc.,LED RED DIFFUSED 0805 SMD,LED_0805
XZMDKVG54W-4,XZMDKVG54W-4,SunLED,LED GREEN/RED CLEAR CHIP SMD,LED_XZMDKVG54W-4_1A
TPSMB36CA-VR,TPSMB36CA-VR,Littelfuse Inc.,TVS DIODE 36VWM 58.1VC DO214 TR,SOD5443X240N_BI
U.FL Connector,KLS1-IPEX-20279-001E-01,KLSELE,KLS1-IPEX MHF series micro coaxial connector receptacle vertical,CONN_-SMT-1_01
2450AT18A100E,2450AT18A100E,Johanson Technology Inc.,RF ANT 2.4GHZ CHIP SOLDER SMD,ANT_2450AT18A100E
L-KLS1-C2540-1577,L-KLS1-C2540-1577,KLSELE,GPS Antenna 25x25x4.0mm,ANT_CGGBP25
CON2,SSQ-102-01-T-S,Samtec Inc.,"2 Position Receptacle Connector 0.100"" (2.54mm) Through Hole Tin",BERG_1X2P_2MM_TH
CON3,PPPC031LFBN-RC,Sullins Connector Solutions,"3 Position Header Connector 0.100"" (2.54mm) Through Hole Gold",BERG_1X3P_254MM_THR
KLS1-SIM-066-6+1P-H1.37-R,L-KLS1-SIM-092-7P-H1.4-R,KLSELE,NANO SIM PUSH-PULL 6P 1.44MM H G,KLS_L-KLS1-SIM-092-7P-H1P4-R
L-KLS1-2233B-B,L-KLS1-2233B-B,KLSELE,ZL-213MICRO female seat 180 degree inline curling,GCT_USB3106-XX-0230-X_REVB
CON3,L-KLS1-2.50-03-R,KLSELE,"Pitch2.50mm,3PIN,High Right With Ears Male pin, RoHS",CON-S8B_XH-08X1-2_50-RA-TH
CON3,L-KLS1-2.50-03-R,KLSELE,"Pitch2.50mm,3PIN,High Right With Ears Male pin, RoHS",JST_S3B-XH-A-1LFSN
CON2,SSQ-102-01-T-S,Samtec Inc.,"2 Position Receptacle Connector 0.100"" (2.54mm) Through Hole Tin",BERG_1X2P_2MM_TH
33uH,744775133,Würth Elektronik,FIXED IND 33UH 1.35A 130MOHM SMD,IND_744775133
742792662,742792662,Würth Elektronik,1 kOhms @ 100 MHz 1 Signal Line Ferrite Bead 0603 (1608 Metric) 600mA 300mOhm,L0603
742792662,742792662,Würth Elektronik,1 kOhms @ 100 MHz 1 Signal Line Ferrite Bead 0603 (1608 Metric) 600mA 300mOhm,L0603
MMBT2222AL,MMBT2222ALT1HTSA1,Infineon Technologies,TRANS NPN 40V 0.6A SOT-23,SOT23-R
MMBT2222AL,MMBT2222ALT1HTSA1,Infineon Technologies,TRANS NPN 40V 0.6A SOT-23,SOT23-R
V10E42AUTO,V10E42AUTO,Littelfuse Inc.,68 V 1.5 kA Varistor 1 Circuit Through Hole Disc 10mm,MOV-2P_23x6
B72220S1250K102,B72220S1250K102,EPCOS - TDK Electronics,39 V 2 kA Varistor 1 Circuit Through Hole Disc 20mm,VAR_B72220S1250K102
10k,CRCW060310K0JNEBC,Vishay Dale,RES 10K OHM 5% 1/10W 0603,R0603
10E,ESR10EZPJ100,Rohm Semiconductor,RES SMD 10 OHM 5% 0.4W 0805,R0805
120E,CRCW1206120RJNEA,Vishay Dale,RES SMD 120 OHM 5% 1/4W 1206,R1206
4.7K,AF0603JR-074K7L,YAGEO,RES SMD 4.7K OHM 5% 1/10W 0603,R0603
2.2K,AC0603JR-072K2L,YAGEO,RES SMD 2.2K OHM 5% 1/10W 0603,R0603
20K,AC0603FR-0720KL,YAGEO,RES SMD 20K OHM 1% 1/10W 0603,R0603
0E,CR0603-J/-000ELF,Bourns Inc.,RES SMD 0 OHM JUMPER 1/10W 0603,R0603
10K,CRCW060310K0JNEBC,Vishay Dale,RES 10K OHM 5% 1/10W 0603,R0603
120K,RC0603JR-07120KL,YAGEO,RES 120K OHM 5% 1/10W 0603,R0603
240K,RT0603FRE07240KL,YAGEO,RES SMD 240K OHM 1% 1/10W 0603,R0603
330K,RC0603FR-07330KL,YAGEO,RES 330K OHM 1% 1/10W 0603,R0603
100K,RC0603JR-07100KL,YAGEO,RES 100K OHM 5% 1/10W 0603,R0603
15K,RC0603FR-0715KL,YAGEO,RES 15K OHM 1% 1/10W 0603,R0603
240E,ERJ-S03F2400V,Panasonic Electronic Components,RES SMD 240 OHM 1% 1/10W 0603,R0603
560E,RC0603FR-07560RL,YAGEO,RES 560 OHM 1% 1/10W 0603,R0603
LDR,,,2.54MM pitch LDR,BERG_1X2_254MM
1K,CR0603-JW-102ELF,Bourns Inc.,RES SMD 1K OHM 5% 1/10W 0603,R0603
2.2K,AC0603JR-072K2L,YAGEO,RES SMD 2.2K OHM 5% 1/10W 0603,R0603
4.7K,AF0603JR-074K7L,YAGEO,RES SMD 4.7K OHM 5% 1/10W 0603,R0603
20K,AC0603FR-0720KL,YAGEO,RES SMD 20K OHM 1% 1/10W 0603,R0603
3.3K,RMCF1210JT3K30,Stackpole Electronics Inc,RES 3.3K OHM 5% 1/3W 1210,R1210
0E,CR0603-J/-000ELF,Bourns Inc.,RES SMD 0 OHM JUMPER 1/10W 0603,R0603
560E,RC0603FR-07560RL,YAGEO,RES 560 OHM 1% 1/10W 0603,R0603
15K,RC0603FR-0715KL,YAGEO,RES 15K OHM 1% 1/10W 0603,R0603
1K,CR0603-JW-102ELF,Bourns Inc.,RES SMD 1K OHM 5% 1/10W 0603,R0603
KLS7-TS4502-4.8-180-T,KLS7-TS4502-4.8-180-T,KLSELE,4.5*4.5 SMT Tact Switch 4.8mm 180gf,SW_PTS647SN50SMTR2LFS
MCP73831T-2DCI/OT,MCP73831T-2DCI/OT,Microchip Technology,IC BATT CNTL LI-ION 1CEL SOT23-5,sot_23_5_dbv0005a_m
EC200U,EC200UCNLC-N05-SNNSA,Quectel,Open CPU 4G modem with GPS,XCVR_EC25
82402305,82402305,Würth Elektronik,TVS DIODE 5VWM 6.8VC SOT23-6L,DBV6_TEX
MP9486A,MP9486AGN-Z,Monolithic Power Systems Inc.,IC REG 100V INPT 3.5A SWITCH CUR,IC_MP9486A
TS1117B,TS1117B,Taiwan Semi,TS1117B Series 1A Low Dropout Positive Voltage Regulator,sot_223
TPL5010,TPL5010DDCR,Texas Instruments,IC OSC PROG TIMER TSOT23-6,sot23-6
LIS2DS12TR,LIS2DS12TR,STMicroelectronics,ACCEL 2-16G I2C/SPI 12LGA,LGA-12_2X2X0P7_STM
BD2248G-GTR,BD2248G-GTR,Rohm Semiconductor,IC PWR SWITCH N-CHAN 1:1 5SSOP,sot_23_5_dbv0005a_m
TD5_3_21S485H-E,TD521S485H-E,Mornsun,RS485 Transceiver Module Signal Isolation,MORNSUN_DUAL_TD5-3-21S485H-A
TXU0204BQAR,TXU0204BQAR,Texas Instruments,FOUR CHANNEL UNIDIRECTIONAL LEVE,wqfn_04bqar_tex-m
ST4SIM-200M,,,,SON127P600x500x100-9N
SMBJ22CA,SMBJ22CA,Littelfuse Inc,TVS DIODE 22VWM 35.5VC DO214AA,SMBJSeries_LTF
4.7uF,CL31B475KBHNNNE,Samsung Electro-Mechanics,CAP CER 4.7UF 50V X7R 1206,C1206
10uF,GRM188R61C106MAALD,Murata Electronics,CAP CER 10UF 16V X5R 0603,C0603
0.1uF,CL10B104KB8NNNL,Samsung Electro-Mechanics,CAP CER 0.1UF 50V X7R 0603,C0603
1uF,CL10A105KA8NNNC,Samsung Electro-Mechanics,CAP CER 1UF 25V X5R 0603,C0603
0.01uF,C0603C103K5RAC7013,KEMET,CAP CER 10000PF 50V X7R 0603,C0603
100uF,865230245004,Würth Elektronik,CAP ALUM 100UF 20% 10V SMD,CAP_630X770_SMD
2.2uF,CL31A225KB9LNNC,Samsung Electro-Mechanics,CAP CER 2.2UF 50V X5R 1206,C1206
10uF,CL31A106KOCLNNC,Samsung Electro-Mechanics,10 µF ±10% 16V Ceramic Capacitor X5R 1206 (3216 Metric),C1206
0.001uF,MT18N102J500CT,Walsin Technology Corporation,"1000 pF ±5% 50V Ceramic Capacitor C0G, NP0 0603 (1608 Metric)",C0603
SS34,SS34L RVG,Taiwan Semiconductor Corporation,DIODE SCHOTTKY 40V 3A SUB SMA,DIODE_SMA
XZMDKVG54W-4,XZMDKVG54W-4,SunLED,LED GREEN/RED CLEAR CHIP SMD,LED_XZMDKVG54W-4_1A
CON16A,PPTC082LFBN-RC,Sullins Connector Solutions,"16 Position Header Connector 0.100"" (2.54mm) Through Hole Tin",SAMTEC_BERG_2X16P_THR
CON5,PPTC051LFBN-RC,Sullins Connector Solutions,"5 Position Header Connector 0.100"" (2.54mm) Through Hole Tin",berg_1x5p_254mm_thr
CON4,09-65-2048,Molex,Headers & Wire Housings HDR SPOX VERTICAL 4P,CON-SPOX-SKT_5X1-254-TH
33uH,744775133,Würth Elektronik,FIXED IND 33UH 1.35A 130MOHM SMD,IND_744775133
BLM18PG471SN1,742792662,Würth Elektronik,1 kOhms @ 100 MHz 1 Signal Line Ferrite Bead 0603 (1608 Metric) 600mA 300mOhm,L0603
"PMBT2222A,215","PMBT2222A,215",Nexperia USA Inc.,Bipolar (BJT) Transistor NPN 30 V 600 mA 300MHz 250 mW Surface Mount TO-236AB,SOT23-R
10K,CRCW060310K0JNEB,Vishay Dale,RES SMD 10K OHM 5% 1/10W 0603,R0603
330K,RC0603FR-07330KL,YAGEO,RES 330K OHM 1% 1/10W 0603,R0603
0E,CR0603-J/-000ELF,Bourns Inc.,RES SMD 0 OHM JUMPER 1/10W 0603,R0603
150K,AF0603FR-07150KL,YAGEO,RES SMD 150K OHM 1% 1/10W 0603,R0603
36K,CR0603-JW-363ELF,Bourns Inc.,RES SMD 36K OHM 5% 1/10W 0603,R0603
100K,AF0603FR-07100KL,YAGEO,RES SMD 100K OHM 1% 1/10W 0603,R0603
1K,CR0603-JW-102ELF,Bourns Inc.,RES SMD 1K OHM 5% 1/10W 0603,R0603
100E,CR0603-JW-101ELF,Bourns Inc.,RES SMD 100 OHM 5% 1/10W 0603,R0603
240E,ERJ-S03F2400V,Panasonic Electronic Components,RES SMD 240 OHM 1% 1/10W 0603,R0603
18K,AC0603FR-0718KL,YAGEO,RES SMD 18K OHM 1% 1/10W 0603,R0603
3.3K,RC1206FR-073K3L,YAGEO,RES 3.3K OHM 1% 1/4W 1206,R1206
1.2K,RC1206FR-071K2L,YAGEO,RES 1.2K OHM 1% 1/4W 1206,R1206
10K,CRCW060310K0JNEB,Vishay Dale,RES SMD 10K OHM 5% 1/10W 0603,R0603
51E,CR0603-FX-51R0ELF,Bourns Inc.,RES SMD 51 OHM 1% 1/10W 0603,R0603
KLS7-TS4502-4.8-180-T,KLS7-TS4502-4.8-180-T,KLSELE,4.5*4.5 SMT Tact Switch 4.8mm 180gf,SW_PTS647SN50SMTR2LFS
TLV70032DDCR,TLV70032DDCR,Texas Instruments,"200-mA, high-PSRR, low-IQ, low-dropout voltage regulator with enable TSOT23-5",SOT_23_5_DBV0005A_M
MP9486A,MP9486AGN-Z,Monolithic Power Systems Inc.,IC REG 100V INPT 3.5A SWITCH CUR,IC_MP9486A
M031FC1AE,M031FC1AE,Nuvoton Technology,ARM® Cortex®-M0 - Microcontroller IC 32-Bit 48MHz 32KB (32K x 8) FLASH 20-TSSOP,sop65p640x120-20n
1uF,CC0402ZRY5V6BB105,Murata Electronics,CAP CER 1UF 6.3V X5R 0201,C0402
12pF,CC0402JRNPO9BN120,YAGEO,CAP CER 12PF 50V C0G/NPO 0402,C0402
10uF,CL05A106MP8NUB8,Samsung Electro-Mechanics,CAP CER 10UF 10V X5R 0402,C0402
0.1uF,C0402C104K8RACTU,KEMET,CAP CER 0.1UF 10V X7R 0402,C0402
100pF,885012000000,Würth Elektronik,CAP CER 100PF 10V C0G/NP0 0402,C0402
0.1uF,C0402C104K8RACTU,kEMET,CAP CER 0.1UF 10V X7R 0402,C0402
100uF,GRM31CD80J107MEA8K,Murata Electronics,CAP CER 100UF 6.3V X6T 1206,C1206
0.1uF,C0402C104K8RACTU,kEMET,CAP CER 0.1UF 10V X7R 0402,C0402
10uF,CL05A106MP8NUB8,Samsung Electro-Mechanics,CAP CER 10UF 10V X5R 0402,C0402
22pF,CC0402JPNPO9BN220,YAGEO,CAP CER 22PF 50V C0G/NPO 0402,C0402
1uF,CGB2A1JB1E105M033BC,TDK Corporation,CAP CER 1UF 16V X5R 0402,C0402
1uF,CGB2A1JB1E105M033BC,TDK Corporation,CAP CER 1UF 16V X5R 0402,C0402
33pF,CC0402JPNPO9BN330,YAGEO,"33 pF ±5% 50V Ceramic Capacitor C0G, NP0 0402 (1005 Metric)",C0402
100nf,CL05A106MQ5NUNC,Samsung Electro-Mechanics,10 µF ±20% 6.3V Ceramic Capacitor X5R 0402 (1005 Metric),C0402
150 µF,T495D157K010ATE100,Kemet,CAP TANT 150UF 10% 10V 2917,CAPMP7P6X4P3_3P1N_KEM
22uF,CC0603KRX5R7BB105,Samsung Electro-Mechanics,CAP CER 1UF 16V X5R 0603,C0603
0.1uF,C0402C104K8RACTU,kEMET,CAP CER 0.1UF 10V X7R 0402,C0402
10pF,0402N301J500CT,Walsin Technology Corporation,"300 pF ±5% 50V Ceramic Capacitor C0G, NP0 0402 (1005 Metric)",C0402
LS R976-NR-1,XZMDK68W-2,SunLED,Red 630nm LED Indication - Discrete 1.95V 0402 (1005 Metric),led0402_2a
LG R971-KN-1,XZMDK68W-2,SunLED,Red 630nm LED Indication - Discrete 1.95V 0402 (1005 Metric),led0402_2a
2450AT18A100E,2450AT18A100E,Johanson Technology Inc.,Antennas 2.45GHz ANTENNA,ANT_2450AT18A100E
U.FL Connector,KLS1-IPEX-20279-001E-01,KLSELE,KLS1-IPEX MHF series micro coaxial connector receptacle vertical,CONN_-SMT-1_01
L-KLS1-SIM-092-7P-H1.4-R,L-KLS1-SIM-092-7P-H1.4-R,KLSELE,NANO SIM PUSH-PULL 6P 1.44MM H G,KLS_L-KLS1-SIM-092-7P-H1P4-R
2450FM07A0029,2450FM07A0029T,Johanson Technology Inc.,Signal Conditioning 2400-2500MHz 0.8dB NORDIC NRF52,FIL0402
10uH,MLZ1608M100WT000,TDK Corporation,Power Inductors - SMD 10 UH 20%,L0603
15nH,LQG15HZ15NJ02D,Murata Electronics,"RF Inductors - SMD 15 NH 5% NH
Simulate & compare characteristics in SimSurfing Simulate & compare characteristics in SimSurfing",L0402
2.2uH,XGL4030-222MEC,Coilcraft,Inductor Power Shielded Wirewound 2.2 µH 20% 1,ind_xgl4030_coc
"PMBT2222A,215","PMBT2222A,215",Nexperia USA Inc.,Bipolar (BJT) Transistor NPN 30 V 600 mA 300MHz 250 mW Surface Mount TO-236AB,SOT23-R
MOSFET_EP_GDS,DMP2123LQ-7,Diodes Incorporated,P-Channel 20 V 3A (Ta) 1.4W (Ta) Surface Mount SOT-23-3,SOT23-R
10K,ERJ-2RKF1002X,Yageo,RES SMD 10K OHM 1% 1/10W 0402,R0402
0E,AC0402FR-070RL,YAGEO,RESISTOR 0402 JUMPER ZERO OHM,R0402
100K,ERJ-2RKF1003X,Panasonic Electronic Components,RES SMD 100K OHM 1% 1/10W 0402,R0402
0E,AC0402FR-070RL,YAGEO,RESISTOR 0402 JUMPER ZERO OHM,R0402
1K,ERJ-2RKF1001X,YAGEO,RES SMD 1K OHM 1% 1/10W 0402,R0402
360E,RC0402JR-07360RL,YAGEO,RES 360 OHM 5% 1/16W 0402,R0402
2.2K,AC0402FR-072K2L,YAGEO,RES SMD 2.2K OHM 1% 1/16W 0402,R0402
0,AC0402FR-070RL,YAGEO,RES SMD 0 OHM 1% 1/10W 0402,R0402
560K,311-560KLRCT-ND,YAGEO,"560 kOhms ±1% 0.063W, 1/16W Chip Resistor 0402 (1005 Metric) Moisture Resistant Thick Film",R0402
86.6K,RC0402FR-0786K6L,YAGEO,"86.6 kOhms ±1% 0.063W, 1/16W Chip Resistor 0402 (1005 Metric) Moisture Resistant Thick Film",R0402
4.7K,AC0402FR-072K2L,YAGEO,RES SMD 2.2K OHM 1% 1/16W 0402,R0402
100k,ERJ-2RKF1003X,Panasonic Electronic Components,RES SMD 100K OHM 1% 1/10W 0402,R0402
20K,ERJ-2RKF2002X,Panasonic Electronic Components,"20 kOhms ±1% 0.1W, 1/10W Chip Resistor 0402 (1005 Metric) Automotive AEC-Q200 Thick Film",R0402
0E,AC0402FR-070RL,YAGEO,RESISTOR 0402 JUMPER ZERO OHM,R0402
1k,ERJ-2RKF1001X,Panasonic Electronic Components,RES SMD 1K OHM 1% 1/10W 0402,R0402
0,AC0402FR-070RL,Panasonic Electronic Components,RES SMD 0 OHM 1% 1/10W 0402,R0402
SW_REED,CT10-2540-G1,Coto,Molded Body Reed Switch SPST-NO 25 ~ 40AT Operate Range 10W 500mA (AC/DC) 140 V Surface Mount,CT10-xxxx-G1_COT
SW_PB_SPST,KSTS0761,KTRON,TACTILE_SWITCH_3X4X2MM_SMD_2-PIN,TACTILE_SWITCH_3X4X2MM_SMD_2-PIN
AT25XE041D-MAHN-T,AT25XE041D-MAHN-T,Adesto Technologies,FLASH - NOR Memory IC 4Mbit SPI - Quad I/O 104 MHz 8-UDFN (2x3),PSON50P200X300X60-9N
TXU0204BQAR,TXU0204BQAR,Texas Instruments,FOUR CHANNEL UNIDIRECTIONAL LEVE,wqfn_04bqar_tex-m
BC65,BC65PB-04-STD,Quectel,RF TXRX MOD CELLULAR SMD,BC65_QWS
TLV70333DBVR,TLV70333DBVR,Texas Instruments,IC REG LINEAR 3.3V 300MA SOT23-5,DBV0005A_N
ST4SIM-200M,ST4SI2M0004TPIFW,STMicroelectronics,ESIM SYSTEM ON CHIP FOR M2M INDU,SON127P600x500x100-9N
82402305,82402305,Würth Elektronik,TVS DIODE 5VWM 6.8VC SOT23-6L,DBV6_TEX
NRF52810-QCAA-T,NRF52810-QCAA-T,Nordic Semiconductor,IC RF TxRx + MCU Bluetooth Bluetooth v5.0 2.4GHz 32-VFQFN Exposed Pad,QFN32_5X5_NOR
TLV61070A,TLV61070ADBVR,Texas Instruments,5-V 2-A boost converter with 0.5-V minimum input voltage,sot23-6
BVSS123LT1G,BVSS123LT1G,onsemi,MOSFET NFET 100V 170MA 6OH,SOT-23-3_1P4X3P040_ONS
TMUX1309BQBR,TMUX1309BQBR,Texas Instruments,"Automotive 5-V, 4:1, two-channel multiplexer with injection control and 1.8-V logic",WQFN_309BQBR_TEX
32MHz,8Q-32.000METV-T,TXC CORPORATION,CRYSTAL 32MHZ 8PF SMD,XTAL160X120X50-4N
32.768kHz,CM8V-T1A-32.768KHZ-7PF-20PPM-TA-QC,Micro Crystal AG,CRYSTAL 32.7680KHZ 7PF SMD,XTAL200X120X60-2N
